epoch,train_loss,val_loss,val_acc,lr
1,0.1992073517105796,0.06614399011731148,0.9788,0.0008
2,0.07591125201271338,0.03157105935811996,0.9894,0.0007978087581473094
3,0.0635059277545322,0.0450423083409667,0.987,0.0007912590402935223
4,0.05790837346579541,0.03951401376128197,0.9882,0.0007804226065180615
5,0.05131241144077344,0.0356224112550728,0.9886,0.0007654181830570403
6,0.051930884784731,0.028101692506670953,0.9902,0.0007464101615137755
7,0.04476304595727812,0.03264567138850689,0.9906,0.000723606797749979
8,0.043431428975815124,0.03509070327430964,0.9904,0.0006972579301909577
9,0.04296609362418001,0.020442710676789284,0.992,0.0006676522425435433
10,0.03864249815541235,0.020184721115231515,0.9942,0.0006351141009169893
11,0.03934076520787044,0.02472752270549536,0.9922,0.0006000000000000001
12,0.03762222435609861,0.02433395506963134,0.9916,0.0005626946572303203
13,0.03407052380300381,0.03511736244261265,0.9894,0.0005236067977499791
14,0.03357083082888276,0.024565205381438138,0.9922,0.00048316467632710376
15,0.03145525672740557,0.021757711791992186,0.9914,0.0004418113853070615
16,0.030698585128784178,0.025716609317064286,0.9926,0.0004000000000000002
17,0.028552170346406374,0.020559421732462942,0.9938,0.00035818861469293875
18,0.028521277528628708,0.020082171577215195,0.9934,0.0003168353236728963
19,0.025778915870866993,0.019374966216087343,0.9934,0.0002763932022500211
20,0.024027440989017487,0.017396264024078845,0.9942,0.00023730534276968
21,0.022811693954467773,0.01508373794145882,0.9948,0.00020000000000000012
22,0.021259481818059627,0.01592674585133791,0.9948,0.00016488589908301082
23,0.020431003479388626,0.01454467607792467,0.9958,0.00013234775745645688
24,0.018762829116867347,0.015140905125439167,0.9952,0.00010274206980904243
25,0.01799644490480423,0.01584867811407894,0.9948,7.639320225002109e-05
26,0.016959426693753762,0.013648851184919477,0.9956,5.358983848622454e-05
27,0.015810906305638226,0.013739244068413974,0.9958,3.4581816942959624e-05
28,0.014754490435462106,0.014410234299302101,0.9958,1.9577393481938593e-05
29,0.014828519655527039,0.013802343792840838,0.9958,8.740959706477727e-06
30,0.014262320393662561,0.014094224756024778,0.996,2.1912418526906402e-06
